{
    "$schema": "https://schema.management.azure.com/schemas/2015-01-01/deploymentParameters.json#",
    "contentVersion": "1.0.0.0",
    "parameters": {
        "location": {
            "value": "southindia"
        },
        "storageAccountName": {
            "value": "saksample"
        },
        "accountType": {
            "value": "Standard_LRS"
        },
        "kind": {
            "value": "StorageV2"
        },
        "accessTier": {
            "value": "Hot"
        },
        "supportsHttpsTrafficOnly": {
            "value": true
        },
        "largeFileSharesState": {
            "value": "Disabled"
        }
    }
}